Precision	Recall
0.964193178211 	 0.477150029244
