Precision	Recall
0.821500354891 	 0.751157407395
