Precision	Recall
0.483172254522 	 0.781227332517
