Precision	Recall
0.723714024586 	 0.82459161145
