Precision	Recall
0.725320494788 	 0.952255699246
