Precision	Recall
0.934431807201 	 0.837682267939
