Precision	Recall
0.775163079062 	 0.781255433542
