Precision	Recall
0.885233231936 	 0.822727874835
