Precision	Recall
0.699824957653 	 0.8394066294
