Precision	Recall
0.63946821086 	 0.864689838909
