Precision	Recall
0.498549490335 	 0.782156953254
