Precision	Recall
0.692797076218 	 0.943197768556
