Precision	Recall
0.805595181288 	 0.760417474342
