Precision	Recall
0.411613895339 	 0.947340741709
