Precision	Recall
0.535184952724 	 0.839525077756
