Precision	Recall
0.674568847875 	 0.861108305321
