Precision	Recall
0.932677859216 	 0.764663967685
