Precision	Recall
0.540497566265 	 0.925633385168
