Precision	Recall
0.748242605129 	 0.91449487542
