Precision	Recall
0.798837477235 	 0.817500659334
